profile id;profile name;trajectory id;timestamp;latitude;longitude;type
c57a6ec0-912b-449e-86a3-4218fb455d11;ChristinaPhommatheth;ChristinaPhommatheth@c54c7696-9026-4097-9e45-47197ceeb9ba  [profileId c57a6ec0-912b-449e-86a3-4218fb455d11];2022-04-03T07:16;50,511117;30,790047;poi(place_of_departure)
c57a6ec0-912b-449e-86a3-4218fb455d11;ChristinaPhommatheth;ChristinaPhommatheth@c54c7696-9026-4097-9e45-47197ceeb9ba  [profileId c57a6ec0-912b-449e-86a3-4218fb455d11];2022-04-03T07:16:04.937723376;50,511178;30,790045;poi(Сонячний годинник(viewpoint))
c57a6ec0-912b-449e-86a3-4218fb455d11;ChristinaPhommatheth;ChristinaPhommatheth@c54c7696-9026-4097-9e45-47197ceeb9ba  [profileId c57a6ec0-912b-449e-86a3-4218fb455d11];2022-04-03T07:39:24.937723376;50,511178;30,790045;waypoint
c57a6ec0-912b-449e-86a3-4218fb455d11;ChristinaPhommatheth;ChristinaPhommatheth@c54c7696-9026-4097-9e45-47197ceeb9ba  [profileId c57a6ec0-912b-449e-86a3-4218fb455d11];2022-04-03T07:39:32.287400206;50,511396;30,790038;waypoint
c57a6ec0-912b-449e-86a3-4218fb455d11;ChristinaPhommatheth;ChristinaPhommatheth@c54c7696-9026-4097-9e45-47197ceeb9ba  [profileId c57a6ec0-912b-449e-86a3-4218fb455d11];2022-04-03T07:39:41.274655582;50,511566;30,789715;waypoint
c57a6ec0-912b-449e-86a3-4218fb455d11;ChristinaPhommatheth;ChristinaPhommatheth@c54c7696-9026-4097-9e45-47197ceeb9ba  [profileId c57a6ec0-912b-449e-86a3-4218fb455d11];2022-04-03T07:39:41.934252676;50,511579;30,789692;waypoint
c57a6ec0-912b-449e-86a3-4218fb455d11;ChristinaPhommatheth;ChristinaPhommatheth@c54c7696-9026-4097-9e45-47197ceeb9ba  [profileId c57a6ec0-912b-449e-86a3-4218fb455d11];2022-04-03T07:39:44.719782104;50,511631;30,789591;waypoint
c57a6ec0-912b-449e-86a3-4218fb455d11;ChristinaPhommatheth;ChristinaPhommatheth@c54c7696-9026-4097-9e45-47197ceeb9ba  [profileId c57a6ec0-912b-449e-86a3-4218fb455d11];2022-04-03T07:41:16.007650826;50,509614;30,786749;waypoint
c57a6ec0-912b-449e-86a3-4218fb455d11;ChristinaPhommatheth;ChristinaPhommatheth@c54c7696-9026-4097-9e45-47197ceeb9ba  [profileId c57a6ec0-912b-449e-86a3-4218fb455d11];2022-04-03T07:41:42.348108492;50,509032;30,785929;waypoint
c57a6ec0-912b-449e-86a3-4218fb455d11;ChristinaPhommatheth;ChristinaPhommatheth@c54c7696-9026-4097-9e45-47197ceeb9ba  [profileId c57a6ec0-912b-449e-86a3-4218fb455d11];2022-04-03T07:41:50.622109957;50,508850;30,785670;waypoint
c57a6ec0-912b-449e-86a3-4218fb455d11;ChristinaPhommatheth;ChristinaPhommatheth@c54c7696-9026-4097-9e45-47197ceeb9ba  [profileId c57a6ec0-912b-449e-86a3-4218fb455d11];2022-04-03T07:42:12.588113318;50,508268;30,785209;waypoint
c57a6ec0-912b-449e-86a3-4218fb455d11;ChristinaPhommatheth;ChristinaPhommatheth@c54c7696-9026-4097-9e45-47197ceeb9ba  [profileId c57a6ec0-912b-449e-86a3-4218fb455d11];2022-04-03T07:42:43.990803895;50,507435;30,784553;waypoint
c57a6ec0-912b-449e-86a3-4218fb455d11;ChristinaPhommatheth;ChristinaPhommatheth@c54c7696-9026-4097-9e45-47197ceeb9ba  [profileId c57a6ec0-912b-449e-86a3-4218fb455d11];2022-04-03T07:43:10.884218367;50,506722;30,783990;waypoint
c57a6ec0-912b-449e-86a3-4218fb455d11;ChristinaPhommatheth;ChristinaPhommatheth@c54c7696-9026-4097-9e45-47197ceeb9ba  [profileId c57a6ec0-912b-449e-86a3-4218fb455d11];2022-04-03T07:43:22.529776354;50,506413;30,783747;waypoint
c57a6ec0-912b-449e-86a3-4218fb455d11;ChristinaPhommatheth;ChristinaPhommatheth@c54c7696-9026-4097-9e45-47197ceeb9ba  [profileId c57a6ec0-912b-449e-86a3-4218fb455d11];2022-04-03T07:43:38.402960131;50,506004;30,783380;waypoint
c57a6ec0-912b-449e-86a3-4218fb455d11;ChristinaPhommatheth;ChristinaPhommatheth@c54c7696-9026-4097-9e45-47197ceeb9ba  [profileId c57a6ec0-912b-449e-86a3-4218fb455d11];2022-04-03T07:43:40.453981761;50,505951;30,783333;waypoint
c57a6ec0-912b-449e-86a3-4218fb455d11;ChristinaPhommatheth;ChristinaPhommatheth@c54c7696-9026-4097-9e45-47197ceeb9ba  [profileId c57a6ec0-912b-449e-86a3-4218fb455d11];2022-04-03T07:43:44.264429361;50,505898;30,783490;waypoint
c57a6ec0-912b-449e-86a3-4218fb455d11;ChristinaPhommatheth;ChristinaPhommatheth@c54c7696-9026-4097-9e45-47197ceeb9ba  [profileId c57a6ec0-912b-449e-86a3-4218fb455d11];2022-04-03T07:44:23.284689947;50,505358;30,785100;waypoint
c57a6ec0-912b-449e-86a3-4218fb455d11;ChristinaPhommatheth;ChristinaPhommatheth@c54c7696-9026-4097-9e45-47197ceeb9ba  [profileId c57a6ec0-912b-449e-86a3-4218fb455d11];2022-04-03T07:44:43.665535618;50,505016;30,785884;waypoint
c57a6ec0-912b-449e-86a3-4218fb455d11;ChristinaPhommatheth;ChristinaPhommatheth@c54c7696-9026-4097-9e45-47197ceeb9ba  [profileId c57a6ec0-912b-449e-86a3-4218fb455d11];2022-04-03T07:44:47.023781746;50,504947;30,785997;waypoint
c57a6ec0-912b-449e-86a3-4218fb455d11;ChristinaPhommatheth;ChristinaPhommatheth@c54c7696-9026-4097-9e45-47197ceeb9ba  [profileId c57a6ec0-912b-449e-86a3-4218fb455d11];2022-04-03T07:44:50.451828108;50,504877;30,786113;waypoint
c57a6ec0-912b-449e-86a3-4218fb455d11;ChristinaPhommatheth;ChristinaPhommatheth@c54c7696-9026-4097-9e45-47197ceeb9ba  [profileId c57a6ec0-912b-449e-86a3-4218fb455d11];2022-04-03T07:44:52.619295904;50,504924;30,786182;waypoint
c57a6ec0-912b-449e-86a3-4218fb455d11;ChristinaPhommatheth;ChristinaPhommatheth@c54c7696-9026-4097-9e45-47197ceeb9ba  [profileId c57a6ec0-912b-449e-86a3-4218fb455d11];2022-04-03T07:44:58.034411578;50,504897;30,786431;waypoint
c57a6ec0-912b-449e-86a3-4218fb455d11;ChristinaPhommatheth;ChristinaPhommatheth@c54c7696-9026-4097-9e45-47197ceeb9ba  [profileId c57a6ec0-912b-449e-86a3-4218fb455d11];2022-04-03T07:45:03.394694731;50,504818;30,786648;waypoint
c57a6ec0-912b-449e-86a3-4218fb455d11;ChristinaPhommatheth;ChristinaPhommatheth@c54c7696-9026-4097-9e45-47197ceeb9ba  [profileId c57a6ec0-912b-449e-86a3-4218fb455d11];2022-04-03T07:45:08.973556573;50,504782;30,786902;waypoint
c57a6ec0-912b-449e-86a3-4218fb455d11;ChristinaPhommatheth;ChristinaPhommatheth@c54c7696-9026-4097-9e45-47197ceeb9ba  [profileId c57a6ec0-912b-449e-86a3-4218fb455d11];2022-04-03T07:45:16.874617746;50,504826;30,787264;waypoint
c57a6ec0-912b-449e-86a3-4218fb455d11;ChristinaPhommatheth;ChristinaPhommatheth@c54c7696-9026-4097-9e45-47197ceeb9ba  [profileId c57a6ec0-912b-449e-86a3-4218fb455d11];2022-04-03T07:45:21.074683286;50,504897;30,787103;waypoint
c57a6ec0-912b-449e-86a3-4218fb455d11;ChristinaPhommatheth;ChristinaPhommatheth@c54c7696-9026-4097-9e45-47197ceeb9ba  [profileId c57a6ec0-912b-449e-86a3-4218fb455d11];2022-04-03T07:45:24.129054579;50,504884;30,786962;waypoint
c57a6ec0-912b-449e-86a3-4218fb455d11;ChristinaPhommatheth;ChristinaPhommatheth@c54c7696-9026-4097-9e45-47197ceeb9ba  [profileId c57a6ec0-912b-449e-86a3-4218fb455d11];2022-04-03T07:45:29.839533450;50,504937;30,786709;waypoint
c57a6ec0-912b-449e-86a3-4218fb455d11;ChristinaPhommatheth;ChristinaPhommatheth@c54c7696-9026-4097-9e45-47197ceeb9ba  [profileId c57a6ec0-912b-449e-86a3-4218fb455d11];2022-04-03T07:45:34.820277503;50,505010;30,786507;waypoint
c57a6ec0-912b-449e-86a3-4218fb455d11;ChristinaPhommatheth;ChristinaPhommatheth@c54c7696-9026-4097-9e45-47197ceeb9ba  [profileId c57a6ec0-912b-449e-86a3-4218fb455d11];2022-04-03T07:45:45.765019128;50,505200;30,786093;waypoint
c57a6ec0-912b-449e-86a3-4218fb455d11;ChristinaPhommatheth;ChristinaPhommatheth@c54c7696-9026-4097-9e45-47197ceeb9ba  [profileId c57a6ec0-912b-449e-86a3-4218fb455d11];2022-04-03T07:45:54.375992599;50,505385;30,785816;waypoint
c57a6ec0-912b-449e-86a3-4218fb455d11;ChristinaPhommatheth;ChristinaPhommatheth@c54c7696-9026-4097-9e45-47197ceeb9ba  [profileId c57a6ec0-912b-449e-86a3-4218fb455d11];2022-04-03T07:46:06.000517268;50,505676;30,785525;waypoint
c57a6ec0-912b-449e-86a3-4218fb455d11;ChristinaPhommatheth;ChristinaPhommatheth@c54c7696-9026-4097-9e45-47197ceeb9ba  [profileId c57a6ec0-912b-449e-86a3-4218fb455d11];2022-04-03T07:46:09.180604753;50,505742;30,785419;waypoint
c57a6ec0-912b-449e-86a3-4218fb455d11;ChristinaPhommatheth;ChristinaPhommatheth@c54c7696-9026-4097-9e45-47197ceeb9ba  [profileId c57a6ec0-912b-449e-86a3-4218fb455d11];2022-04-03T07:46:14.506860929;50,505866;30,785573;waypoint
c57a6ec0-912b-449e-86a3-4218fb455d11;ChristinaPhommatheth;ChristinaPhommatheth@c54c7696-9026-4097-9e45-47197ceeb9ba  [profileId c57a6ec0-912b-449e-86a3-4218fb455d11];2022-04-03T07:46:16.804609351;50,505895;30,785670;poi(Місток(viewpoint))
c57a6ec0-912b-449e-86a3-4218fb455d11;ChristinaPhommatheth;ChristinaPhommatheth@c54c7696-9026-4097-9e45-47197ceeb9ba  [profileId c57a6ec0-912b-449e-86a3-4218fb455d11];2022-04-03T08:04:22.804609351;50,505895;30,785670;waypoint
c57a6ec0-912b-449e-86a3-4218fb455d11;ChristinaPhommatheth;ChristinaPhommatheth@c54c7696-9026-4097-9e45-47197ceeb9ba  [profileId c57a6ec0-912b-449e-86a3-4218fb455d11];2022-04-03T08:04:27.434710255;50,505920;30,785751;waypoint
c57a6ec0-912b-449e-86a3-4218fb455d11;ChristinaPhommatheth;ChristinaPhommatheth@c54c7696-9026-4097-9e45-47197ceeb9ba  [profileId c57a6ec0-912b-449e-86a3-4218fb455d11];2022-04-03T08:04:38.645771674;50,506006;30,785922;waypoint
c57a6ec0-912b-449e-86a3-4218fb455d11;ChristinaPhommatheth;ChristinaPhommatheth@c54c7696-9026-4097-9e45-47197ceeb9ba  [profileId c57a6ec0-912b-449e-86a3-4218fb455d11];2022-04-03T08:04:47.291150770;50,506112;30,785900;waypoint
c57a6ec0-912b-449e-86a3-4218fb455d11;ChristinaPhommatheth;ChristinaPhommatheth@c54c7696-9026-4097-9e45-47197ceeb9ba  [profileId c57a6ec0-912b-449e-86a3-4218fb455d11];2022-04-03T08:05:07.802712029;50,506365;30,785929;waypoint
c57a6ec0-912b-449e-86a3-4218fb455d11;ChristinaPhommatheth;ChristinaPhommatheth@c54c7696-9026-4097-9e45-47197ceeb9ba  [profileId c57a6ec0-912b-449e-86a3-4218fb455d11];2022-04-03T08:05:18.478870377;50,506434;30,785752;waypoint
c57a6ec0-912b-449e-86a3-4218fb455d11;ChristinaPhommatheth;ChristinaPhommatheth@c54c7696-9026-4097-9e45-47197ceeb9ba  [profileId c57a6ec0-912b-449e-86a3-4218fb455d11];2022-04-03T08:05:29.703228095;50,506485;30,785549;waypoint
c57a6ec0-912b-449e-86a3-4218fb455d11;ChristinaPhommatheth;ChristinaPhommatheth@c54c7696-9026-4097-9e45-47197ceeb9ba  [profileId c57a6ec0-912b-449e-86a3-4218fb455d11];2022-04-03T08:05:33.174585754;50,506517;30,785504;waypoint
c57a6ec0-912b-449e-86a3-4218fb455d11;ChristinaPhommatheth;ChristinaPhommatheth@c54c7696-9026-4097-9e45-47197ceeb9ba  [profileId c57a6ec0-912b-449e-86a3-4218fb455d11];2022-04-03T08:05:43.444166862;50,506644;30,785502;waypoint
c57a6ec0-912b-449e-86a3-4218fb455d11;ChristinaPhommatheth;ChristinaPhommatheth@c54c7696-9026-4097-9e45-47197ceeb9ba  [profileId c57a6ec0-912b-449e-86a3-4218fb455d11];2022-04-03T08:05:52.907361027;50,506750;30,785580;waypoint
c57a6ec0-912b-449e-86a3-4218fb455d11;ChristinaPhommatheth;ChristinaPhommatheth@c54c7696-9026-4097-9e45-47197ceeb9ba  [profileId c57a6ec0-912b-449e-86a3-4218fb455d11];2022-04-03T08:05:59.300378131;50,506829;30,785585;waypoint
c57a6ec0-912b-449e-86a3-4218fb455d11;ChristinaPhommatheth;ChristinaPhommatheth@c54c7696-9026-4097-9e45-47197ceeb9ba  [profileId c57a6ec0-912b-449e-86a3-4218fb455d11];2022-04-03T08:06:10.968596489;50,506969;30,785640;waypoint
c57a6ec0-912b-449e-86a3-4218fb455d11;ChristinaPhommatheth;ChristinaPhommatheth@c54c7696-9026-4097-9e45-47197ceeb9ba  [profileId c57a6ec0-912b-449e-86a3-4218fb455d11];2022-04-03T08:06:20.338523147;50,507040;30,785784;waypoint
c57a6ec0-912b-449e-86a3-4218fb455d11;ChristinaPhommatheth;ChristinaPhommatheth@c54c7696-9026-4097-9e45-47197ceeb9ba  [profileId c57a6ec0-912b-449e-86a3-4218fb455d11];2022-04-03T08:06:38.580814739;50,507265;30,785810;waypoint
c57a6ec0-912b-449e-86a3-4218fb455d11;ChristinaPhommatheth;ChristinaPhommatheth@c54c7696-9026-4097-9e45-47197ceeb9ba  [profileId c57a6ec0-912b-449e-86a3-4218fb455d11];2022-04-03T08:06:46.516846919;50,507329;30,785693;waypoint
c57a6ec0-912b-449e-86a3-4218fb455d11;ChristinaPhommatheth;ChristinaPhommatheth@c54c7696-9026-4097-9e45-47197ceeb9ba  [profileId c57a6ec0-912b-449e-86a3-4218fb455d11];2022-04-03T08:06:56.680201011;50,507305;30,785499;waypoint
c57a6ec0-912b-449e-86a3-4218fb455d11;ChristinaPhommatheth;ChristinaPhommatheth@c54c7696-9026-4097-9e45-47197ceeb9ba  [profileId c57a6ec0-912b-449e-86a3-4218fb455d11];2022-04-03T08:07:07.354762543;50,507234;30,785324;waypoint
c57a6ec0-912b-449e-86a3-4218fb455d11;ChristinaPhommatheth;ChristinaPhommatheth@c54c7696-9026-4097-9e45-47197ceeb9ba  [profileId c57a6ec0-912b-449e-86a3-4218fb455d11];2022-04-03T08:07:14.929844387;50,507325;30,785289;waypoint
c57a6ec0-912b-449e-86a3-4218fb455d11;ChristinaPhommatheth;ChristinaPhommatheth@c54c7696-9026-4097-9e45-47197ceeb9ba  [profileId c57a6ec0-912b-449e-86a3-4218fb455d11];2022-04-03T08:08:20.437957954;50,506634;30,784624;waypoint
c57a6ec0-912b-449e-86a3-4218fb455d11;ChristinaPhommatheth;ChristinaPhommatheth@c54c7696-9026-4097-9e45-47197ceeb9ba  [profileId c57a6ec0-912b-449e-86a3-4218fb455d11];2022-04-03T08:08:55.792630879;50,506338;30,784118;waypoint
c57a6ec0-912b-449e-86a3-4218fb455d11;ChristinaPhommatheth;ChristinaPhommatheth@c54c7696-9026-4097-9e45-47197ceeb9ba  [profileId c57a6ec0-912b-449e-86a3-4218fb455d11];2022-04-03T08:09:08.373621306;50,506200;30,784005;waypoint
c57a6ec0-912b-449e-86a3-4218fb455d11;ChristinaPhommatheth;ChristinaPhommatheth@c54c7696-9026-4097-9e45-47197ceeb9ba  [profileId c57a6ec0-912b-449e-86a3-4218fb455d11];2022-04-03T08:09:19.214151375;50,506080;30,783911;waypoint
c57a6ec0-912b-449e-86a3-4218fb455d11;ChristinaPhommatheth;ChristinaPhommatheth@c54c7696-9026-4097-9e45-47197ceeb9ba  [profileId c57a6ec0-912b-449e-86a3-4218fb455d11];2022-04-03T08:09:36.604617489;50,505976;30,783615;waypoint
c57a6ec0-912b-449e-86a3-4218fb455d11;ChristinaPhommatheth;ChristinaPhommatheth@c54c7696-9026-4097-9e45-47197ceeb9ba  [profileId c57a6ec0-912b-449e-86a3-4218fb455d11];2022-04-03T08:09:40.623387991;50,505942;30,783558;waypoint
c57a6ec0-912b-449e-86a3-4218fb455d11;ChristinaPhommatheth;ChristinaPhommatheth@c54c7696-9026-4097-9e45-47197ceeb9ba  [profileId c57a6ec0-912b-449e-86a3-4218fb455d11];2022-04-03T08:09:45.612041421;50,505898;30,783490;waypoint
c57a6ec0-912b-449e-86a3-4218fb455d11;ChristinaPhommatheth;ChristinaPhommatheth@c54c7696-9026-4097-9e45-47197ceeb9ba  [profileId c57a6ec0-912b-449e-86a3-4218fb455d11];2022-04-03T08:09:54.524322152;50,505821;30,783366;waypoint
c57a6ec0-912b-449e-86a3-4218fb455d11;ChristinaPhommatheth;ChristinaPhommatheth@c54c7696-9026-4097-9e45-47197ceeb9ba  [profileId c57a6ec0-912b-449e-86a3-4218fb455d11];2022-04-03T08:10:01.007053346;50,505859;30,783255;waypoint
c57a6ec0-912b-449e-86a3-4218fb455d11;ChristinaPhommatheth;ChristinaPhommatheth@c54c7696-9026-4097-9e45-47197ceeb9ba  [profileId c57a6ec0-912b-449e-86a3-4218fb455d11];2022-04-03T08:10:10.019085264;50,505911;30,783100;waypoint
c57a6ec0-912b-449e-86a3-4218fb455d11;ChristinaPhommatheth;ChristinaPhommatheth@c54c7696-9026-4097-9e45-47197ceeb9ba  [profileId c57a6ec0-912b-449e-86a3-4218fb455d11];2022-04-03T08:11:30.678806158;50,506344;30,781687;waypoint
c57a6ec0-912b-449e-86a3-4218fb455d11;ChristinaPhommatheth;ChristinaPhommatheth@c54c7696-9026-4097-9e45-47197ceeb9ba  [profileId c57a6ec0-912b-449e-86a3-4218fb455d11];2022-04-03T08:12:45.558602473;50,506743;30,780373;waypoint
c57a6ec0-912b-449e-86a3-4218fb455d11;ChristinaPhommatheth;ChristinaPhommatheth@c54c7696-9026-4097-9e45-47197ceeb9ba  [profileId c57a6ec0-912b-449e-86a3-4218fb455d11];2022-04-03T08:13:07.400994129;50,506850;30,779983;waypoint
c57a6ec0-912b-449e-86a3-4218fb455d11;ChristinaPhommatheth;ChristinaPhommatheth@c54c7696-9026-4097-9e45-47197ceeb9ba  [profileId c57a6ec0-912b-449e-86a3-4218fb455d11];2022-04-03T08:13:21.607406468;50,506890;30,779714;waypoint
c57a6ec0-912b-449e-86a3-4218fb455d11;ChristinaPhommatheth;ChristinaPhommatheth@c54c7696-9026-4097-9e45-47197ceeb9ba  [profileId c57a6ec0-912b-449e-86a3-4218fb455d11];2022-04-03T08:13:28.698883091;50,506880;30,779577;waypoint
c57a6ec0-912b-449e-86a3-4218fb455d11;ChristinaPhommatheth;ChristinaPhommatheth@c54c7696-9026-4097-9e45-47197ceeb9ba  [profileId c57a6ec0-912b-449e-86a3-4218fb455d11];2022-04-03T08:14:07.700127511;50,506497;30,779116;waypoint
c57a6ec0-912b-449e-86a3-4218fb455d11;ChristinaPhommatheth;ChristinaPhommatheth@c54c7696-9026-4097-9e45-47197ceeb9ba  [profileId c57a6ec0-912b-449e-86a3-4218fb455d11];2022-04-03T08:14:26.007755965;50,506320;30,778894;waypoint
c57a6ec0-912b-449e-86a3-4218fb455d11;ChristinaPhommatheth;ChristinaPhommatheth@c54c7696-9026-4097-9e45-47197ceeb9ba  [profileId c57a6ec0-912b-449e-86a3-4218fb455d11];2022-04-03T08:14:44.059281213;50,506440;30,778598;waypoint
c57a6ec0-912b-449e-86a3-4218fb455d11;ChristinaPhommatheth;ChristinaPhommatheth@c54c7696-9026-4097-9e45-47197ceeb9ba  [profileId c57a6ec0-912b-449e-86a3-4218fb455d11];2022-04-03T08:15:33.658739870;50,506773;30,777788;waypoint
c57a6ec0-912b-449e-86a3-4218fb455d11;ChristinaPhommatheth;ChristinaPhommatheth@c54c7696-9026-4097-9e45-47197ceeb9ba  [profileId c57a6ec0-912b-449e-86a3-4218fb455d11];2022-04-03T08:15:43.725882325;50,506840;30,777623;waypoint
c57a6ec0-912b-449e-86a3-4218fb455d11;ChristinaPhommatheth;ChristinaPhommatheth@c54c7696-9026-4097-9e45-47197ceeb9ba  [profileId c57a6ec0-912b-449e-86a3-4218fb455d11];2022-04-03T08:15:49.241445614;50,506901;30,777671;waypoint
c57a6ec0-912b-449e-86a3-4218fb455d11;ChristinaPhommatheth;ChristinaPhommatheth@c54c7696-9026-4097-9e45-47197ceeb9ba  [profileId c57a6ec0-912b-449e-86a3-4218fb455d11];2022-04-03T08:15:59.368840201;50,506962;30,777499;waypoint
c57a6ec0-912b-449e-86a3-4218fb455d11;ChristinaPhommatheth;ChristinaPhommatheth@c54c7696-9026-4097-9e45-47197ceeb9ba  [profileId c57a6ec0-912b-449e-86a3-4218fb455d11];2022-04-03T08:17:05.624864425;50,506230;30,776920;waypoint
c57a6ec0-912b-449e-86a3-4218fb455d11;ChristinaPhommatheth;ChristinaPhommatheth@c54c7696-9026-4097-9e45-47197ceeb9ba  [profileId c57a6ec0-912b-449e-86a3-4218fb455d11];2022-04-03T08:17:08.359864297;50,506249;30,776876;waypoint
c57a6ec0-912b-449e-86a3-4218fb455d11;ChristinaPhommatheth;ChristinaPhommatheth@c54c7696-9026-4097-9e45-47197ceeb9ba  [profileId c57a6ec0-912b-449e-86a3-4218fb455d11];2022-04-03T08:20:17.144516767;50,507555;30,773833;waypoint
c57a6ec0-912b-449e-86a3-4218fb455d11;ChristinaPhommatheth;ChristinaPhommatheth@c54c7696-9026-4097-9e45-47197ceeb9ba  [profileId c57a6ec0-912b-449e-86a3-4218fb455d11];2022-04-03T08:21:05.572285711;50,507898;30,773061;waypoint
c57a6ec0-912b-449e-86a3-4218fb455d11;ChristinaPhommatheth;ChristinaPhommatheth@c54c7696-9026-4097-9e45-47197ceeb9ba  [profileId c57a6ec0-912b-449e-86a3-4218fb455d11];2022-04-03T08:22:11.034602554;50,508352;30,772007;waypoint
c57a6ec0-912b-449e-86a3-4218fb455d11;ChristinaPhommatheth;ChristinaPhommatheth@c54c7696-9026-4097-9e45-47197ceeb9ba  [profileId c57a6ec0-912b-449e-86a3-4218fb455d11];2022-04-03T08:22:59.392049509;50,508687;30,771228;waypoint
c57a6ec0-912b-449e-86a3-4218fb455d11;ChristinaPhommatheth;ChristinaPhommatheth@c54c7696-9026-4097-9e45-47197ceeb9ba  [profileId c57a6ec0-912b-449e-86a3-4218fb455d11];2022-04-03T08:23:32.423587917;50,508850;30,770639;waypoint
c57a6ec0-912b-449e-86a3-4218fb455d11;ChristinaPhommatheth;ChristinaPhommatheth@c54c7696-9026-4097-9e45-47197ceeb9ba  [profileId c57a6ec0-912b-449e-86a3-4218fb455d11];2022-04-03T08:24:31.586273323;50,509525;30,771083;waypoint
c57a6ec0-912b-449e-86a3-4218fb455d11;ChristinaPhommatheth;ChristinaPhommatheth@c54c7696-9026-4097-9e45-47197ceeb9ba  [profileId c57a6ec0-912b-449e-86a3-4218fb455d11];2022-04-03T08:25:12.862955298;50,510001;30,771373;waypoint
c57a6ec0-912b-449e-86a3-4218fb455d11;ChristinaPhommatheth;ChristinaPhommatheth@c54c7696-9026-4097-9e45-47197ceeb9ba  [profileId c57a6ec0-912b-449e-86a3-4218fb455d11];2022-04-03T08:25:34.408294448;50,509902;30,771762;waypoint
c57a6ec0-912b-449e-86a3-4218fb455d11;ChristinaPhommatheth;ChristinaPhommatheth@c54c7696-9026-4097-9e45-47197ceeb9ba  [profileId c57a6ec0-912b-449e-86a3-4218fb455d11];2022-04-03T08:25:49.771781195;50,509822;30,772033;waypoint
c57a6ec0-912b-449e-86a3-4218fb455d11;ChristinaPhommatheth;ChristinaPhommatheth@c54c7696-9026-4097-9e45-47197ceeb9ba  [profileId c57a6ec0-912b-449e-86a3-4218fb455d11];2022-04-03T08:26:21.669699082;50,509689;30,772617;waypoint
c57a6ec0-912b-449e-86a3-4218fb455d11;ChristinaPhommatheth;ChristinaPhommatheth@c54c7696-9026-4097-9e45-47197ceeb9ba  [profileId c57a6ec0-912b-449e-86a3-4218fb455d11];2022-04-03T08:26:40.033995647;50,509659;30,772971;waypoint
c57a6ec0-912b-449e-86a3-4218fb455d11;ChristinaPhommatheth;ChristinaPhommatheth@c54c7696-9026-4097-9e45-47197ceeb9ba  [profileId c57a6ec0-912b-449e-86a3-4218fb455d11];2022-04-03T08:26:54.917086397;50,509758;30,773215;waypoint
c57a6ec0-912b-449e-86a3-4218fb455d11;ChristinaPhommatheth;ChristinaPhommatheth@c54c7696-9026-4097-9e45-47197ceeb9ba  [profileId c57a6ec0-912b-449e-86a3-4218fb455d11];2022-04-03T08:27:12.833991997;50,509769;30,773563;waypoint
c57a6ec0-912b-449e-86a3-4218fb455d11;ChristinaPhommatheth;ChristinaPhommatheth@c54c7696-9026-4097-9e45-47197ceeb9ba  [profileId c57a6ec0-912b-449e-86a3-4218fb455d11];2022-04-03T08:27:36.035296090;50,509544;30,773843;waypoint
c57a6ec0-912b-449e-86a3-4218fb455d11;ChristinaPhommatheth;ChristinaPhommatheth@c54c7696-9026-4097-9e45-47197ceeb9ba  [profileId c57a6ec0-912b-449e-86a3-4218fb455d11];2022-04-03T08:27:54.245320333;50,509706;30,774089;waypoint
c57a6ec0-912b-449e-86a3-4218fb455d11;ChristinaPhommatheth;ChristinaPhommatheth@c54c7696-9026-4097-9e45-47197ceeb9ba  [profileId c57a6ec0-912b-449e-86a3-4218fb455d11];2022-04-03T08:28:02.975056626;50,509786;30,774203;waypoint
c57a6ec0-912b-449e-86a3-4218fb455d11;ChristinaPhommatheth;ChristinaPhommatheth@c54c7696-9026-4097-9e45-47197ceeb9ba  [profileId c57a6ec0-912b-449e-86a3-4218fb455d11];2022-04-03T08:28:09.844453995;50,509843;30,774104;poi(Black Wood(restaurant))
c57a6ec0-912b-449e-86a3-4218fb455d11;ChristinaPhommatheth;ChristinaPhommatheth@c54c7696-9026-4097-9e45-47197ceeb9ba  [profileId c57a6ec0-912b-449e-86a3-4218fb455d11];2022-04-03T09:20:56.844453995;50,509843;30,774104;waypoint
c57a6ec0-912b-449e-86a3-4218fb455d11;ChristinaPhommatheth;ChristinaPhommatheth@c54c7696-9026-4097-9e45-47197ceeb9ba  [profileId c57a6ec0-912b-449e-86a3-4218fb455d11];2022-04-03T09:20:58.962523006;50,509786;30,774203;waypoint
c57a6ec0-912b-449e-86a3-4218fb455d11;ChristinaPhommatheth;ChristinaPhommatheth@c54c7696-9026-4097-9e45-47197ceeb9ba  [profileId c57a6ec0-912b-449e-86a3-4218fb455d11];2022-04-03T09:21:01.654197824;50,509706;30,774089;waypoint
c57a6ec0-912b-449e-86a3-4218fb455d11;ChristinaPhommatheth;ChristinaPhommatheth@c54c7696-9026-4097-9e45-47197ceeb9ba  [profileId c57a6ec0-912b-449e-86a3-4218fb455d11];2022-04-03T09:21:07.268968082;50,509544;30,773843;waypoint
c57a6ec0-912b-449e-86a3-4218fb455d11;ChristinaPhommatheth;ChristinaPhommatheth@c54c7696-9026-4097-9e45-47197ceeb9ba  [profileId c57a6ec0-912b-449e-86a3-4218fb455d11];2022-04-03T09:21:14.422719798;50,509769;30,773563;waypoint
c57a6ec0-912b-449e-86a3-4218fb455d11;ChristinaPhommatheth;ChristinaPhommatheth@c54c7696-9026-4097-9e45-47197ceeb9ba  [profileId c57a6ec0-912b-449e-86a3-4218fb455d11];2022-04-03T09:21:19.947111602;50,509758;30,773215;waypoint
c57a6ec0-912b-449e-86a3-4218fb455d11;ChristinaPhommatheth;ChristinaPhommatheth@c54c7696-9026-4097-9e45-47197ceeb9ba  [profileId c57a6ec0-912b-449e-86a3-4218fb455d11];2022-04-03T09:21:24.536075031;50,509659;30,772971;waypoint
c57a6ec0-912b-449e-86a3-4218fb455d11;ChristinaPhommatheth;ChristinaPhommatheth@c54c7696-9026-4097-9e45-47197ceeb9ba  [profileId c57a6ec0-912b-449e-86a3-4218fb455d11];2022-04-03T09:21:30.198412696;50,509689;30,772617;waypoint
c57a6ec0-912b-449e-86a3-4218fb455d11;ChristinaPhommatheth;ChristinaPhommatheth@c54c7696-9026-4097-9e45-47197ceeb9ba  [profileId c57a6ec0-912b-449e-86a3-4218fb455d11];2022-04-03T09:21:40.033626436;50,509822;30,772033;waypoint
c57a6ec0-912b-449e-86a3-4218fb455d11;ChristinaPhommatheth;ChristinaPhommatheth@c54c7696-9026-4097-9e45-47197ceeb9ba  [profileId c57a6ec0-912b-449e-86a3-4218fb455d11];2022-04-03T09:21:44.770712301;50,509902;30,771762;waypoint
c57a6ec0-912b-449e-86a3-4218fb455d11;ChristinaPhommatheth;ChristinaPhommatheth@c54c7696-9026-4097-9e45-47197ceeb9ba  [profileId c57a6ec0-912b-449e-86a3-4218fb455d11];2022-04-03T09:21:51.413873663;50,510001;30,771373;waypoint
c57a6ec0-912b-449e-86a3-4218fb455d11;ChristinaPhommatheth;ChristinaPhommatheth@c54c7696-9026-4097-9e45-47197ceeb9ba  [profileId c57a6ec0-912b-449e-86a3-4218fb455d11];2022-04-03T09:22:04.140879581;50,509525;30,771083;waypoint
c57a6ec0-912b-449e-86a3-4218fb455d11;ChristinaPhommatheth;ChristinaPhommatheth@c54c7696-9026-4097-9e45-47197ceeb9ba  [profileId c57a6ec0-912b-449e-86a3-4218fb455d11];2022-04-03T09:22:22.382749113;50,508850;30,770639;waypoint
c57a6ec0-912b-449e-86a3-4218fb455d11;ChristinaPhommatheth;ChristinaPhommatheth@c54c7696-9026-4097-9e45-47197ceeb9ba  [profileId c57a6ec0-912b-449e-86a3-4218fb455d11];2022-04-03T09:22:23.505320895;50,508807;30,770618;waypoint
c57a6ec0-912b-449e-86a3-4218fb455d11;ChristinaPhommatheth;ChristinaPhommatheth@c54c7696-9026-4097-9e45-47197ceeb9ba  [profileId c57a6ec0-912b-449e-86a3-4218fb455d11];2022-04-03T09:22:24.292174493;50,508812;30,770569;waypoint
c57a6ec0-912b-449e-86a3-4218fb455d11;ChristinaPhommatheth;ChristinaPhommatheth@c54c7696-9026-4097-9e45-47197ceeb9ba  [profileId c57a6ec0-912b-449e-86a3-4218fb455d11];2022-04-03T09:22:42.116879794;50,508156;30,770122;waypoint
c57a6ec0-912b-449e-86a3-4218fb455d11;ChristinaPhommatheth;ChristinaPhommatheth@c54c7696-9026-4097-9e45-47197ceeb9ba  [profileId c57a6ec0-912b-449e-86a3-4218fb455d11];2022-04-03T09:23:01.366316158;50,507446;30,769645;waypoint
c57a6ec0-912b-449e-86a3-4218fb455d11;ChristinaPhommatheth;ChristinaPhommatheth@c54c7696-9026-4097-9e45-47197ceeb9ba  [profileId c57a6ec0-912b-449e-86a3-4218fb455d11];2022-04-03T09:23:18.147044320;50,506842;30,769178;waypoint
c57a6ec0-912b-449e-86a3-4218fb455d11;ChristinaPhommatheth;ChristinaPhommatheth@c54c7696-9026-4097-9e45-47197ceeb9ba  [profileId c57a6ec0-912b-449e-86a3-4218fb455d11];2022-04-03T09:23:34.403943256;50,506303;30,768601;waypoint
c57a6ec0-912b-449e-86a3-4218fb455d11;ChristinaPhommatheth;ChristinaPhommatheth@c54c7696-9026-4097-9e45-47197ceeb9ba  [profileId c57a6ec0-912b-449e-86a3-4218fb455d11];2022-04-03T09:23:38.672823037;50,506135;30,768549;waypoint
c57a6ec0-912b-449e-86a3-4218fb455d11;ChristinaPhommatheth;ChristinaPhommatheth@c54c7696-9026-4097-9e45-47197ceeb9ba  [profileId c57a6ec0-912b-449e-86a3-4218fb455d11];2022-04-03T09:24:30.750602693;50,504049;30,768720;waypoint
c57a6ec0-912b-449e-86a3-4218fb455d11;ChristinaPhommatheth;ChristinaPhommatheth@c54c7696-9026-4097-9e45-47197ceeb9ba  [profileId c57a6ec0-912b-449e-86a3-4218fb455d11];2022-04-03T09:25:07.046932534;50,502608;30,768394;waypoint
c57a6ec0-912b-449e-86a3-4218fb455d11;ChristinaPhommatheth;ChristinaPhommatheth@c54c7696-9026-4097-9e45-47197ceeb9ba  [profileId c57a6ec0-912b-449e-86a3-4218fb455d11];2022-04-03T09:25:28.127880493;50,501811;30,767950;waypoint
c57a6ec0-912b-449e-86a3-4218fb455d11;ChristinaPhommatheth;ChristinaPhommatheth@c54c7696-9026-4097-9e45-47197ceeb9ba  [profileId c57a6ec0-912b-449e-86a3-4218fb455d11];2022-04-03T09:25:46.071373580;50,501138;30,767549;waypoint
c57a6ec0-912b-449e-86a3-4218fb455d11;ChristinaPhommatheth;ChristinaPhommatheth@c54c7696-9026-4097-9e45-47197ceeb9ba  [profileId c57a6ec0-912b-449e-86a3-4218fb455d11];2022-04-03T09:25:50.904186265;50,500953;30,767458;waypoint
c57a6ec0-912b-449e-86a3-4218fb455d11;ChristinaPhommatheth;ChristinaPhommatheth@c54c7696-9026-4097-9e45-47197ceeb9ba  [profileId c57a6ec0-912b-449e-86a3-4218fb455d11];2022-04-03T09:26:37.739448985;50,499102;30,766954;waypoint
c57a6ec0-912b-449e-86a3-4218fb455d11;ChristinaPhommatheth;ChristinaPhommatheth@c54c7696-9026-4097-9e45-47197ceeb9ba  [profileId c57a6ec0-912b-449e-86a3-4218fb455d11];2022-04-03T09:26:40.157281092;50,499043;30,766833;waypoint
c57a6ec0-912b-449e-86a3-4218fb455d11;ChristinaPhommatheth;ChristinaPhommatheth@c54c7696-9026-4097-9e45-47197ceeb9ba  [profileId c57a6ec0-912b-449e-86a3-4218fb455d11];2022-04-03T09:26:53.072116383;50,498892;30,766054;waypoint
c57a6ec0-912b-449e-86a3-4218fb455d11;ChristinaPhommatheth;ChristinaPhommatheth@c54c7696-9026-4097-9e45-47197ceeb9ba  [profileId c57a6ec0-912b-449e-86a3-4218fb455d11];2022-04-03T09:26:59.272068416;50,498650;30,766144;waypoint
c57a6ec0-912b-449e-86a3-4218fb455d11;ChristinaPhommatheth;ChristinaPhommatheth@c54c7696-9026-4097-9e45-47197ceeb9ba  [profileId c57a6ec0-912b-449e-86a3-4218fb455d11];2022-04-03T09:27:05.732925619;50,498398;30,766239;waypoint
c57a6ec0-912b-449e-86a3-4218fb455d11;ChristinaPhommatheth;ChristinaPhommatheth@c54c7696-9026-4097-9e45-47197ceeb9ba  [profileId c57a6ec0-912b-449e-86a3-4218fb455d11];2022-04-03T09:27:09.336591574;50,498257;30,766289;waypoint
c57a6ec0-912b-449e-86a3-4218fb455d11;ChristinaPhommatheth;ChristinaPhommatheth@c54c7696-9026-4097-9e45-47197ceeb9ba  [profileId c57a6ec0-912b-449e-86a3-4218fb455d11];2022-04-03T09:27:27.633350449;50,498046;30,765184;waypoint
c57a6ec0-912b-449e-86a3-4218fb455d11;ChristinaPhommatheth;ChristinaPhommatheth@c54c7696-9026-4097-9e45-47197ceeb9ba  [profileId c57a6ec0-912b-449e-86a3-4218fb455d11];2022-04-03T09:27:33.816303559;50,497819;30,765341;waypoint
c57a6ec0-912b-449e-86a3-4218fb455d11;ChristinaPhommatheth;ChristinaPhommatheth@c54c7696-9026-4097-9e45-47197ceeb9ba  [profileId c57a6ec0-912b-449e-86a3-4218fb455d11];2022-04-03T09:27:38.705533062;50,497740;30,765059;poi(Сан Марко(restaurant))
c57a6ec0-912b-449e-86a3-4218fb455d11;ChristinaPhommatheth;ChristinaPhommatheth@c54c7696-9026-4097-9e45-47197ceeb9ba  [profileId c57a6ec0-912b-449e-86a3-4218fb455d11];2022-04-03T10:10:05.705533062;50,497740;30,765059;waypoint
c57a6ec0-912b-449e-86a3-4218fb455d11;ChristinaPhommatheth;ChristinaPhommatheth@c54c7696-9026-4097-9e45-47197ceeb9ba  [profileId c57a6ec0-912b-449e-86a3-4218fb455d11];2022-04-03T10:10:21.549958417;50,497819;30,765341;waypoint
c57a6ec0-912b-449e-86a3-4218fb455d11;ChristinaPhommatheth;ChristinaPhommatheth@c54c7696-9026-4097-9e45-47197ceeb9ba  [profileId c57a6ec0-912b-449e-86a3-4218fb455d11];2022-04-03T10:10:41.586927223;50,498046;30,765184;waypoint
c57a6ec0-912b-449e-86a3-4218fb455d11;ChristinaPhommatheth;ChristinaPhommatheth@c54c7696-9026-4097-9e45-47197ceeb9ba  [profileId c57a6ec0-912b-449e-86a3-4218fb455d11];2022-04-03T10:10:54.137075868;50,498185;30,765075;waypoint
c57a6ec0-912b-449e-86a3-4218fb455d11;ChristinaPhommatheth;ChristinaPhommatheth@c54c7696-9026-4097-9e45-47197ceeb9ba  [profileId c57a6ec0-912b-449e-86a3-4218fb455d11];2022-04-03T10:13:44.427074992;50,497335;30,762043;waypoint
c57a6ec0-912b-449e-86a3-4218fb455d11;ChristinaPhommatheth;ChristinaPhommatheth@c54c7696-9026-4097-9e45-47197ceeb9ba  [profileId c57a6ec0-912b-449e-86a3-4218fb455d11];2022-04-03T10:13:50.894736612;50,497407;30,761988;waypoint
c57a6ec0-912b-449e-86a3-4218fb455d11;ChristinaPhommatheth;ChristinaPhommatheth@c54c7696-9026-4097-9e45-47197ceeb9ba  [profileId c57a6ec0-912b-449e-86a3-4218fb455d11];2022-04-03T10:14:06.089543748;50,497529;30,761763;waypoint
c57a6ec0-912b-449e-86a3-4218fb455d11;ChristinaPhommatheth;ChristinaPhommatheth@c54c7696-9026-4097-9e45-47197ceeb9ba  [profileId c57a6ec0-912b-449e-86a3-4218fb455d11];2022-04-03T10:15:35.098626232;50,498098;30,760280;waypoint
c57a6ec0-912b-449e-86a3-4218fb455d11;ChristinaPhommatheth;ChristinaPhommatheth@c54c7696-9026-4097-9e45-47197ceeb9ba  [profileId c57a6ec0-912b-449e-86a3-4218fb455d11];2022-04-03T10:15:53.446299292;50,498098;30,759923;waypoint
c57a6ec0-912b-449e-86a3-4218fb455d11;ChristinaPhommatheth;ChristinaPhommatheth@c54c7696-9026-4097-9e45-47197ceeb9ba  [profileId c57a6ec0-912b-449e-86a3-4218fb455d11];2022-04-03T10:16:16.880050490;50,498032;30,759479;waypoint
c57a6ec0-912b-449e-86a3-4218fb455d11;ChristinaPhommatheth;ChristinaPhommatheth@c54c7696-9026-4097-9e45-47197ceeb9ba  [profileId c57a6ec0-912b-449e-86a3-4218fb455d11];2022-04-03T10:16:41.908452926;50,498334;30,759369;poi(Колгоспний(marketplace))
c57a6ec0-912b-449e-86a3-4218fb455d11;ChristinaPhommatheth;ChristinaPhommatheth@c54c7696-9026-4097-9e45-47197ceeb9ba  [profileId c57a6ec0-912b-449e-86a3-4218fb455d11];2022-04-03T11:07:05.908452926;50,498334;30,759369;waypoint
c57a6ec0-912b-449e-86a3-4218fb455d11;ChristinaPhommatheth;ChristinaPhommatheth@c54c7696-9026-4097-9e45-47197ceeb9ba  [profileId c57a6ec0-912b-449e-86a3-4218fb455d11];2022-04-03T11:07:30.953604756;50,498032;30,759479;waypoint
c57a6ec0-912b-449e-86a3-4218fb455d11;ChristinaPhommatheth;ChristinaPhommatheth@c54c7696-9026-4097-9e45-47197ceeb9ba  [profileId c57a6ec0-912b-449e-86a3-4218fb455d11];2022-04-03T11:07:54.403038183;50,498098;30,759923;waypoint
c57a6ec0-912b-449e-86a3-4218fb455d11;ChristinaPhommatheth;ChristinaPhommatheth@c54c7696-9026-4097-9e45-47197ceeb9ba  [profileId c57a6ec0-912b-449e-86a3-4218fb455d11];2022-04-03T11:08:12.762989790;50,498098;30,760280;waypoint
c57a6ec0-912b-449e-86a3-4218fb455d11;ChristinaPhommatheth;ChristinaPhommatheth@c54c7696-9026-4097-9e45-47197ceeb9ba  [profileId c57a6ec0-912b-449e-86a3-4218fb455d11];2022-04-03T11:09:41.831638529;50,497529;30,761763;waypoint
c57a6ec0-912b-449e-86a3-4218fb455d11;ChristinaPhommatheth;ChristinaPhommatheth@c54c7696-9026-4097-9e45-47197ceeb9ba  [profileId c57a6ec0-912b-449e-86a3-4218fb455d11];2022-04-03T11:09:57.036614265;50,497407;30,761988;waypoint
c57a6ec0-912b-449e-86a3-4218fb455d11;ChristinaPhommatheth;ChristinaPhommatheth@c54c7696-9026-4097-9e45-47197ceeb9ba  [profileId c57a6ec0-912b-449e-86a3-4218fb455d11];2022-04-03T11:10:03.508604144;50,497335;30,762043;waypoint
c57a6ec0-912b-449e-86a3-4218fb455d11;ChristinaPhommatheth;ChristinaPhommatheth@c54c7696-9026-4097-9e45-47197ceeb9ba  [profileId c57a6ec0-912b-449e-86a3-4218fb455d11];2022-04-03T11:12:53.912563970;50,498185;30,765075;waypoint
c57a6ec0-912b-449e-86a3-4218fb455d11;ChristinaPhommatheth;ChristinaPhommatheth@c54c7696-9026-4097-9e45-47197ceeb9ba  [profileId c57a6ec0-912b-449e-86a3-4218fb455d11];2022-04-03T11:13:26.124415923;50,498295;30,765677;waypoint
c57a6ec0-912b-449e-86a3-4218fb455d11;ChristinaPhommatheth;ChristinaPhommatheth@c54c7696-9026-4097-9e45-47197ceeb9ba  [profileId c57a6ec0-912b-449e-86a3-4218fb455d11];2022-04-03T11:13:56.202789192;50,498398;30,766239;waypoint
c57a6ec0-912b-449e-86a3-4218fb455d11;ChristinaPhommatheth;ChristinaPhommatheth@c54c7696-9026-4097-9e45-47197ceeb9ba  [profileId c57a6ec0-912b-449e-86a3-4218fb455d11];2022-04-03T11:14:31.732722131;50,498500;30,766911;waypoint
c57a6ec0-912b-449e-86a3-4218fb455d11;ChristinaPhommatheth;ChristinaPhommatheth@c54c7696-9026-4097-9e45-47197ceeb9ba  [profileId c57a6ec0-912b-449e-86a3-4218fb455d11];2022-04-03T11:15:02.652022212;50,498603;30,767490;waypoint
c57a6ec0-912b-449e-86a3-4218fb455d11;ChristinaPhommatheth;ChristinaPhommatheth@c54c7696-9026-4097-9e45-47197ceeb9ba  [profileId c57a6ec0-912b-449e-86a3-4218fb455d11];2022-04-03T11:15:39.644056060;50,498754;30,768169;waypoint
c57a6ec0-912b-449e-86a3-4218fb455d11;ChristinaPhommatheth;ChristinaPhommatheth@c54c7696-9026-4097-9e45-47197ceeb9ba  [profileId c57a6ec0-912b-449e-86a3-4218fb455d11];2022-04-03T11:16:03.387984978;50,498825;30,768617;waypoint
c57a6ec0-912b-449e-86a3-4218fb455d11;ChristinaPhommatheth;ChristinaPhommatheth@c54c7696-9026-4097-9e45-47197ceeb9ba  [profileId c57a6ec0-912b-449e-86a3-4218fb455d11];2022-04-03T11:16:27.686664427;50,498906;30,769072;waypoint
c57a6ec0-912b-449e-86a3-4218fb455d11;ChristinaPhommatheth;ChristinaPhommatheth@c54c7696-9026-4097-9e45-47197ceeb9ba  [profileId c57a6ec0-912b-449e-86a3-4218fb455d11];2022-04-03T11:17:30.598400431;50,499129;30,770244;waypoint
c57a6ec0-912b-449e-86a3-4218fb455d11;ChristinaPhommatheth;ChristinaPhommatheth@c54c7696-9026-4097-9e45-47197ceeb9ba  [profileId c57a6ec0-912b-449e-86a3-4218fb455d11];2022-04-03T11:18:17.576472627;50,499312;30,771111;waypoint
c57a6ec0-912b-449e-86a3-4218fb455d11;ChristinaPhommatheth;ChristinaPhommatheth@c54c7696-9026-4097-9e45-47197ceeb9ba  [profileId c57a6ec0-912b-449e-86a3-4218fb455d11];2022-04-03T11:18:27.008784904;50,499393;30,771243;waypoint
c57a6ec0-912b-449e-86a3-4218fb455d11;ChristinaPhommatheth;ChristinaPhommatheth@c54c7696-9026-4097-9e45-47197ceeb9ba  [profileId c57a6ec0-912b-449e-86a3-4218fb455d11];2022-04-03T11:18:43.240566317;50,499504;30,771506;waypoint
c57a6ec0-912b-449e-86a3-4218fb455d11;ChristinaPhommatheth;ChristinaPhommatheth@c54c7696-9026-4097-9e45-47197ceeb9ba  [profileId c57a6ec0-912b-449e-86a3-4218fb455d11];2022-04-03T11:18:58.432916058;50,499653;30,771686;waypoint
c57a6ec0-912b-449e-86a3-4218fb455d11;ChristinaPhommatheth;ChristinaPhommatheth@c54c7696-9026-4097-9e45-47197ceeb9ba  [profileId c57a6ec0-912b-449e-86a3-4218fb455d11];2022-04-03T11:19:39.206563100;50,500097;30,772062;waypoint
c57a6ec0-912b-449e-86a3-4218fb455d11;ChristinaPhommatheth;ChristinaPhommatheth@c54c7696-9026-4097-9e45-47197ceeb9ba  [profileId c57a6ec0-912b-449e-86a3-4218fb455d11];2022-04-03T11:19:51.001429148;50,500189;30,772240;waypoint
c57a6ec0-912b-449e-86a3-4218fb455d11;ChristinaPhommatheth;ChristinaPhommatheth@c54c7696-9026-4097-9e45-47197ceeb9ba  [profileId c57a6ec0-912b-449e-86a3-4218fb455d11];2022-04-03T11:20:06.450437088;50,500356;30,772386;waypoint
c57a6ec0-912b-449e-86a3-4218fb455d11;ChristinaPhommatheth;ChristinaPhommatheth@c54c7696-9026-4097-9e45-47197ceeb9ba  [profileId c57a6ec0-912b-449e-86a3-4218fb455d11];2022-04-03T11:20:21.155930100;50,500528;30,772479;waypoint
c57a6ec0-912b-449e-86a3-4218fb455d11;ChristinaPhommatheth;ChristinaPhommatheth@c54c7696-9026-4097-9e45-47197ceeb9ba  [profileId c57a6ec0-912b-449e-86a3-4218fb455d11];2022-04-03T11:21:16.096503602;50,501137;30,772953;waypoint
c57a6ec0-912b-449e-86a3-4218fb455d11;ChristinaPhommatheth;ChristinaPhommatheth@c54c7696-9026-4097-9e45-47197ceeb9ba  [profileId c57a6ec0-912b-449e-86a3-4218fb455d11];2022-04-03T11:22:16.563546508;50,501803;30,773488;waypoint
c57a6ec0-912b-449e-86a3-4218fb455d11;ChristinaPhommatheth;ChristinaPhommatheth@c54c7696-9026-4097-9e45-47197ceeb9ba  [profileId c57a6ec0-912b-449e-86a3-4218fb455d11];2022-04-03T11:23:07.009122790;50,502371;30,773894;waypoint
c57a6ec0-912b-449e-86a3-4218fb455d11;ChristinaPhommatheth;ChristinaPhommatheth@c54c7696-9026-4097-9e45-47197ceeb9ba  [profileId c57a6ec0-912b-449e-86a3-4218fb455d11];2022-04-03T11:24:13.296186485;50,503107;30,774462;waypoint
c57a6ec0-912b-449e-86a3-4218fb455d11;ChristinaPhommatheth;ChristinaPhommatheth@c54c7696-9026-4097-9e45-47197ceeb9ba  [profileId c57a6ec0-912b-449e-86a3-4218fb455d11];2022-04-03T11:28:38.814450729;50,506053;30,776744;waypoint
c57a6ec0-912b-449e-86a3-4218fb455d11;ChristinaPhommatheth;ChristinaPhommatheth@c54c7696-9026-4097-9e45-47197ceeb9ba  [profileId c57a6ec0-912b-449e-86a3-4218fb455d11];2022-04-03T11:28:48.058172512;50,506161;30,776803;waypoint
c57a6ec0-912b-449e-86a3-4218fb455d11;ChristinaPhommatheth;ChristinaPhommatheth@c54c7696-9026-4097-9e45-47197ceeb9ba  [profileId c57a6ec0-912b-449e-86a3-4218fb455d11];2022-04-03T11:28:56.102364647;50,506249;30,776876;waypoint
c57a6ec0-912b-449e-86a3-4218fb455d11;ChristinaPhommatheth;ChristinaPhommatheth@c54c7696-9026-4097-9e45-47197ceeb9ba  [profileId c57a6ec0-912b-449e-86a3-4218fb455d11];2022-04-03T11:28:58.837037539;50,506230;30,776920;waypoint
c57a6ec0-912b-449e-86a3-4218fb455d11;ChristinaPhommatheth;ChristinaPhommatheth@c54c7696-9026-4097-9e45-47197ceeb9ba  [profileId c57a6ec0-912b-449e-86a3-4218fb455d11];2022-04-03T11:30:05.085140590;50,506962;30,777499;waypoint
c57a6ec0-912b-449e-86a3-4218fb455d11;ChristinaPhommatheth;ChristinaPhommatheth@c54c7696-9026-4097-9e45-47197ceeb9ba  [profileId c57a6ec0-912b-449e-86a3-4218fb455d11];2022-04-03T11:30:15.211324407;50,506901;30,777671;waypoint
c57a6ec0-912b-449e-86a3-4218fb455d11;ChristinaPhommatheth;ChristinaPhommatheth@c54c7696-9026-4097-9e45-47197ceeb9ba  [profileId c57a6ec0-912b-449e-86a3-4218fb455d11];2022-04-03T11:30:20.726228288;50,506840;30,777623;waypoint
c57a6ec0-912b-449e-86a3-4218fb455d11;ChristinaPhommatheth;ChristinaPhommatheth@c54c7696-9026-4097-9e45-47197ceeb9ba  [profileId c57a6ec0-912b-449e-86a3-4218fb455d11];2022-04-03T11:30:30.792167176;50,506773;30,777788;waypoint
c57a6ec0-912b-449e-86a3-4218fb455d11;ChristinaPhommatheth;ChristinaPhommatheth@c54c7696-9026-4097-9e45-47197ceeb9ba  [profileId c57a6ec0-912b-449e-86a3-4218fb455d11];2022-04-03T11:31:20.385696019;50,506440;30,778598;waypoint
c57a6ec0-912b-449e-86a3-4218fb455d11;ChristinaPhommatheth;ChristinaPhommatheth@c54c7696-9026-4097-9e45-47197ceeb9ba  [profileId c57a6ec0-912b-449e-86a3-4218fb455d11];2022-04-03T11:31:38.435063135;50,506320;30,778894;waypoint
c57a6ec0-912b-449e-86a3-4218fb455d11;ChristinaPhommatheth;ChristinaPhommatheth@c54c7696-9026-4097-9e45-47197ceeb9ba  [profileId c57a6ec0-912b-449e-86a3-4218fb455d11];2022-04-03T11:31:56.740502839;50,506497;30,779116;waypoint
c57a6ec0-912b-449e-86a3-4218fb455d11;ChristinaPhommatheth;ChristinaPhommatheth@c54c7696-9026-4097-9e45-47197ceeb9ba  [profileId c57a6ec0-912b-449e-86a3-4218fb455d11];2022-04-03T11:32:35.737084504;50,506880;30,779577;waypoint
c57a6ec0-912b-449e-86a3-4218fb455d11;ChristinaPhommatheth;ChristinaPhommatheth@c54c7696-9026-4097-9e45-47197ceeb9ba  [profileId c57a6ec0-912b-449e-86a3-4218fb455d11];2022-04-03T11:32:42.827713312;50,506890;30,779714;waypoint
c57a6ec0-912b-449e-86a3-4218fb455d11;ChristinaPhommatheth;ChristinaPhommatheth@c54c7696-9026-4097-9e45-47197ceeb9ba  [profileId c57a6ec0-912b-449e-86a3-4218fb455d11];2022-04-03T11:32:57.032427217;50,506850;30,779983;waypoint
c57a6ec0-912b-449e-86a3-4218fb455d11;ChristinaPhommatheth;ChristinaPhommatheth@c54c7696-9026-4097-9e45-47197ceeb9ba  [profileId c57a6ec0-912b-449e-86a3-4218fb455d11];2022-04-03T11:33:18.872207527;50,506743;30,780373;waypoint
c57a6ec0-912b-449e-86a3-4218fb455d11;ChristinaPhommatheth;ChristinaPhommatheth@c54c7696-9026-4097-9e45-47197ceeb9ba  [profileId c57a6ec0-912b-449e-86a3-4218fb455d11];2022-04-03T11:34:33.743051662;50,506344;30,781687;waypoint
c57a6ec0-912b-449e-86a3-4218fb455d11;ChristinaPhommatheth;ChristinaPhommatheth@c54c7696-9026-4097-9e45-47197ceeb9ba  [profileId c57a6ec0-912b-449e-86a3-4218fb455d11];2022-04-03T11:34:43.698191364;50,506234;30,781600;waypoint
c57a6ec0-912b-449e-86a3-4218fb455d11;ChristinaPhommatheth;ChristinaPhommatheth@c54c7696-9026-4097-9e45-47197ceeb9ba  [profileId c57a6ec0-912b-449e-86a3-4218fb455d11];2022-04-03T11:34:57.305042158;50,506084;30,781480;waypoint
c57a6ec0-912b-449e-86a3-4218fb455d11;ChristinaPhommatheth;ChristinaPhommatheth@c54c7696-9026-4097-9e45-47197ceeb9ba  [profileId c57a6ec0-912b-449e-86a3-4218fb455d11];2022-04-03T11:36:13.654973586;50,505668;30,782813;waypoint
c57a6ec0-912b-449e-86a3-4218fb455d11;ChristinaPhommatheth;ChristinaPhommatheth@c54c7696-9026-4097-9e45-47197ceeb9ba  [profileId c57a6ec0-912b-449e-86a3-4218fb455d11];2022-04-03T11:36:26.264059013;50,505593;30,783028;waypoint
c57a6ec0-912b-449e-86a3-4218fb455d11;ChristinaPhommatheth;ChristinaPhommatheth@c54c7696-9026-4097-9e45-47197ceeb9ba  [profileId c57a6ec0-912b-449e-86a3-4218fb455d11];2022-04-03T11:36:45.329830077;50,505488;30,783360;waypoint
c57a6ec0-912b-449e-86a3-4218fb455d11;ChristinaPhommatheth;ChristinaPhommatheth@c54c7696-9026-4097-9e45-47197ceeb9ba  [profileId c57a6ec0-912b-449e-86a3-4218fb455d11];2022-04-03T11:37:19.134259881;50,505296;30,783944;waypoint
c57a6ec0-912b-449e-86a3-4218fb455d11;ChristinaPhommatheth;ChristinaPhommatheth@c54c7696-9026-4097-9e45-47197ceeb9ba  [profileId c57a6ec0-912b-449e-86a3-4218fb455d11];2022-04-03T11:37:28.437205724;50,505191;30,783870;waypoint
c57a6ec0-912b-449e-86a3-4218fb455d11;ChristinaPhommatheth;ChristinaPhommatheth@c54c7696-9026-4097-9e45-47197ceeb9ba  [profileId c57a6ec0-912b-449e-86a3-4218fb455d11];2022-04-03T11:37:45.480486485;50,505004;30,784023;waypoint
c57a6ec0-912b-449e-86a3-4218fb455d11;ChristinaPhommatheth;ChristinaPhommatheth@c54c7696-9026-4097-9e45-47197ceeb9ba  [profileId c57a6ec0-912b-449e-86a3-4218fb455d11];2022-04-03T11:37:55.700141887;50,505045;30,784211;waypoint
c57a6ec0-912b-449e-86a3-4218fb455d11;ChristinaPhommatheth;ChristinaPhommatheth@c54c7696-9026-4097-9e45-47197ceeb9ba  [profileId c57a6ec0-912b-449e-86a3-4218fb455d11];2022-04-03T11:38:02.367572702;50,505099;30,784309;waypoint
c57a6ec0-912b-449e-86a3-4218fb455d11;ChristinaPhommatheth;ChristinaPhommatheth@c54c7696-9026-4097-9e45-47197ceeb9ba  [profileId c57a6ec0-912b-449e-86a3-4218fb455d11];2022-04-03T11:38:26.359811557;50,504818;30,784459;waypoint
c57a6ec0-912b-449e-86a3-4218fb455d11;ChristinaPhommatheth;ChristinaPhommatheth@c54c7696-9026-4097-9e45-47197ceeb9ba  [profileId c57a6ec0-912b-449e-86a3-4218fb455d11];2022-04-03T11:38:38.849094870;50,504868;30,784689;poi(Дольче Віта(restaurant))
c57a6ec0-912b-449e-86a3-4218fb455d11;ChristinaPhommatheth;ChristinaPhommatheth@c54c7696-9026-4097-9e45-47197ceeb9ba  [profileId c57a6ec0-912b-449e-86a3-4218fb455d11];2022-04-03T12:31:13.849094870;50,504868;30,784689;waypoint
c57a6ec0-912b-449e-86a3-4218fb455d11;ChristinaPhommatheth;ChristinaPhommatheth@c54c7696-9026-4097-9e45-47197ceeb9ba  [profileId c57a6ec0-912b-449e-86a3-4218fb455d11];2022-04-03T12:31:17.845717686;50,504818;30,784459;waypoint
c57a6ec0-912b-449e-86a3-4218fb455d11;ChristinaPhommatheth;ChristinaPhommatheth@c54c7696-9026-4097-9e45-47197ceeb9ba  [profileId c57a6ec0-912b-449e-86a3-4218fb455d11];2022-04-03T12:31:25.523334314;50,505099;30,784309;waypoint
c57a6ec0-912b-449e-86a3-4218fb455d11;ChristinaPhommatheth;ChristinaPhommatheth@c54c7696-9026-4097-9e45-47197ceeb9ba  [profileId c57a6ec0-912b-449e-86a3-4218fb455d11];2022-04-03T12:31:27.656940018;50,505045;30,784211;waypoint
c57a6ec0-912b-449e-86a3-4218fb455d11;ChristinaPhommatheth;ChristinaPhommatheth@c54c7696-9026-4097-9e45-47197ceeb9ba  [profileId c57a6ec0-912b-449e-86a3-4218fb455d11];2022-04-03T12:31:30.927272425;50,505004;30,784023;waypoint
c57a6ec0-912b-449e-86a3-4218fb455d11;ChristinaPhommatheth;ChristinaPhommatheth@c54c7696-9026-4097-9e45-47197ceeb9ba  [profileId c57a6ec0-912b-449e-86a3-4218fb455d11];2022-04-03T12:31:36.381193443;50,505191;30,783870;waypoint
c57a6ec0-912b-449e-86a3-4218fb455d11;ChristinaPhommatheth;ChristinaPhommatheth@c54c7696-9026-4097-9e45-47197ceeb9ba  [profileId c57a6ec0-912b-449e-86a3-4218fb455d11];2022-04-03T12:31:39.358174963;50,505296;30,783944;waypoint
c57a6ec0-912b-449e-86a3-4218fb455d11;ChristinaPhommatheth;ChristinaPhommatheth@c54c7696-9026-4097-9e45-47197ceeb9ba  [profileId c57a6ec0-912b-449e-86a3-4218fb455d11];2022-04-03T12:31:50.175733671;50,505488;30,783360;waypoint
c57a6ec0-912b-449e-86a3-4218fb455d11;ChristinaPhommatheth;ChristinaPhommatheth@c54c7696-9026-4097-9e45-47197ceeb9ba  [profileId c57a6ec0-912b-449e-86a3-4218fb455d11];2022-04-03T12:31:56.276860032;50,505593;30,783028;waypoint
c57a6ec0-912b-449e-86a3-4218fb455d11;ChristinaPhommatheth;ChristinaPhommatheth@c54c7696-9026-4097-9e45-47197ceeb9ba  [profileId c57a6ec0-912b-449e-86a3-4218fb455d11];2022-04-03T12:32:04.107137221;50,505859;30,783255;waypoint
c57a6ec0-912b-449e-86a3-4218fb455d11;ChristinaPhommatheth;ChristinaPhommatheth@c54c7696-9026-4097-9e45-47197ceeb9ba  [profileId c57a6ec0-912b-449e-86a3-4218fb455d11];2022-04-03T12:32:06.811348057;50,505951;30,783333;waypoint
c57a6ec0-912b-449e-86a3-4218fb455d11;ChristinaPhommatheth;ChristinaPhommatheth@c54c7696-9026-4097-9e45-47197ceeb9ba  [profileId c57a6ec0-912b-449e-86a3-4218fb455d11];2022-04-03T12:32:08.385620750;50,506004;30,783380;waypoint
c57a6ec0-912b-449e-86a3-4218fb455d11;ChristinaPhommatheth;ChristinaPhommatheth@c54c7696-9026-4097-9e45-47197ceeb9ba  [profileId c57a6ec0-912b-449e-86a3-4218fb455d11];2022-04-03T12:32:20.569168402;50,506413;30,783747;waypoint
c57a6ec0-912b-449e-86a3-4218fb455d11;ChristinaPhommatheth;ChristinaPhommatheth@c54c7696-9026-4097-9e45-47197ceeb9ba  [profileId c57a6ec0-912b-449e-86a3-4218fb455d11];2022-04-03T12:32:29.507779121;50,506722;30,783990;waypoint
c57a6ec0-912b-449e-86a3-4218fb455d11;ChristinaPhommatheth;ChristinaPhommatheth@c54c7696-9026-4097-9e45-47197ceeb9ba  [profileId c57a6ec0-912b-449e-86a3-4218fb455d11];2022-04-03T12:32:50.149964163;50,507435;30,784553;waypoint
c57a6ec0-912b-449e-86a3-4218fb455d11;ChristinaPhommatheth;ChristinaPhommatheth@c54c7696-9026-4097-9e45-47197ceeb9ba  [profileId c57a6ec0-912b-449e-86a3-4218fb455d11];2022-04-03T12:33:14.253268353;50,508268;30,785209;waypoint
c57a6ec0-912b-449e-86a3-4218fb455d11;ChristinaPhommatheth;ChristinaPhommatheth@c54c7696-9026-4097-9e45-47197ceeb9ba  [profileId c57a6ec0-912b-449e-86a3-4218fb455d11];2022-04-03T12:33:31.113392474;50,508850;30,785670;waypoint
c57a6ec0-912b-449e-86a3-4218fb455d11;ChristinaPhommatheth;ChristinaPhommatheth@c54c7696-9026-4097-9e45-47197ceeb9ba  [profileId c57a6ec0-912b-449e-86a3-4218fb455d11];2022-04-03T12:33:37.464146836;50,509032;30,785929;waypoint
c57a6ec0-912b-449e-86a3-4218fb455d11;ChristinaPhommatheth;ChristinaPhommatheth@c54c7696-9026-4097-9e45-47197ceeb9ba  [profileId c57a6ec0-912b-449e-86a3-4218fb455d11];2022-04-03T12:33:57.681906905;50,509614;30,786749;waypoint
c57a6ec0-912b-449e-86a3-4218fb455d11;ChristinaPhommatheth;ChristinaPhommatheth@c54c7696-9026-4097-9e45-47197ceeb9ba  [profileId c57a6ec0-912b-449e-86a3-4218fb455d11];2022-04-03T12:35:07.750401937;50,511631;30,789591;waypoint
c57a6ec0-912b-449e-86a3-4218fb455d11;ChristinaPhommatheth;ChristinaPhommatheth@c54c7696-9026-4097-9e45-47197ceeb9ba  [profileId c57a6ec0-912b-449e-86a3-4218fb455d11];2022-04-03T12:35:11.959358533;50,511752;30,789762;waypoint
c57a6ec0-912b-449e-86a3-4218fb455d11;ChristinaPhommatheth;ChristinaPhommatheth@c54c7696-9026-4097-9e45-47197ceeb9ba  [profileId c57a6ec0-912b-449e-86a3-4218fb455d11];2022-04-03T12:35:12.608275595;50,511769;30,789733;waypoint
c57a6ec0-912b-449e-86a3-4218fb455d11;ChristinaPhommatheth;ChristinaPhommatheth@c54c7696-9026-4097-9e45-47197ceeb9ba  [profileId c57a6ec0-912b-449e-86a3-4218fb455d11];2022-04-03T12:35:13.257192531;50,511786;30,789704;waypoint
c57a6ec0-912b-449e-86a3-4218fb455d11;ChristinaPhommatheth;ChristinaPhommatheth@c54c7696-9026-4097-9e45-47197ceeb9ba  [profileId c57a6ec0-912b-449e-86a3-4218fb455d11];2022-04-03T12:35:15.827885576;50,511859;30,789810;waypoint
c57a6ec0-912b-449e-86a3-4218fb455d11;ChristinaPhommatheth;ChristinaPhommatheth@c54c7696-9026-4097-9e45-47197ceeb9ba  [profileId c57a6ec0-912b-449e-86a3-4218fb455d11];2022-04-03T12:35:26.592162067;50,512164;30,790255;waypoint
c57a6ec0-912b-449e-86a3-4218fb455d11;ChristinaPhommatheth;ChristinaPhommatheth@c54c7696-9026-4097-9e45-47197ceeb9ba  [profileId c57a6ec0-912b-449e-86a3-4218fb455d11];2022-04-03T12:35:29.633206100;50,512250;30,790381;waypoint
c57a6ec0-912b-449e-86a3-4218fb455d11;ChristinaPhommatheth;ChristinaPhommatheth@c54c7696-9026-4097-9e45-47197ceeb9ba  [profileId c57a6ec0-912b-449e-86a3-4218fb455d11];2022-04-03T12:35:39.069353160;50,512497;30,790803;waypoint
c57a6ec0-912b-449e-86a3-4218fb455d11;ChristinaPhommatheth;ChristinaPhommatheth@c54c7696-9026-4097-9e45-47197ceeb9ba  [profileId c57a6ec0-912b-449e-86a3-4218fb455d11];2022-04-03T12:35:40.413748258;50,512536;30,790857;waypoint
c57a6ec0-912b-449e-86a3-4218fb455d11;ChristinaPhommatheth;ChristinaPhommatheth@c54c7696-9026-4097-9e45-47197ceeb9ba  [profileId c57a6ec0-912b-449e-86a3-4218fb455d11];2022-04-03T12:35:43.176021260;50,512520;30,791023;waypoint
c57a6ec0-912b-449e-86a3-4218fb455d11;ChristinaPhommatheth;ChristinaPhommatheth@c54c7696-9026-4097-9e45-47197ceeb9ba  [profileId c57a6ec0-912b-449e-86a3-4218fb455d11];2022-04-03T12:35:45.357356981;50,512507;30,791154;waypoint
c57a6ec0-912b-449e-86a3-4218fb455d11;ChristinaPhommatheth;ChristinaPhommatheth@c54c7696-9026-4097-9e45-47197ceeb9ba  [profileId c57a6ec0-912b-449e-86a3-4218fb455d11];2022-04-03T12:35:48.823901957;50,512490;30,791363;waypoint
c57a6ec0-912b-449e-86a3-4218fb455d11;ChristinaPhommatheth;ChristinaPhommatheth@c54c7696-9026-4097-9e45-47197ceeb9ba  [profileId c57a6ec0-912b-449e-86a3-4218fb455d11];2022-04-03T12:35:52.396010408;50,512476;30,791579;waypoint
c57a6ec0-912b-449e-86a3-4218fb455d11;ChristinaPhommatheth;ChristinaPhommatheth@c54c7696-9026-4097-9e45-47197ceeb9ba  [profileId c57a6ec0-912b-449e-86a3-4218fb455d11];2022-04-03T12:35:56.600763635;50,512453;30,791832;waypoint
c57a6ec0-912b-449e-86a3-4218fb455d11;ChristinaPhommatheth;ChristinaPhommatheth@c54c7696-9026-4097-9e45-47197ceeb9ba  [profileId c57a6ec0-912b-449e-86a3-4218fb455d11];2022-04-03T12:35:57.713945273;50,512447;30,791899;waypoint
c57a6ec0-912b-449e-86a3-4218fb455d11;ChristinaPhommatheth;ChristinaPhommatheth@c54c7696-9026-4097-9e45-47197ceeb9ba  [profileId c57a6ec0-912b-449e-86a3-4218fb455d11];2022-04-03T12:35:59.549110085;50,512454;30,792010;waypoint
c57a6ec0-912b-449e-86a3-4218fb455d11;ChristinaPhommatheth;ChristinaPhommatheth@c54c7696-9026-4097-9e45-47197ceeb9ba  [profileId c57a6ec0-912b-449e-86a3-4218fb455d11];2022-04-03T12:36:17.637645232;50,512967;30,792757;waypoint
c57a6ec0-912b-449e-86a3-4218fb455d11;ChristinaPhommatheth;ChristinaPhommatheth@c54c7696-9026-4097-9e45-47197ceeb9ba  [profileId c57a6ec0-912b-449e-86a3-4218fb455d11];2022-04-03T12:36:24.819856197;50,513190;30,793017;waypoint
c57a6ec0-912b-449e-86a3-4218fb455d11;ChristinaPhommatheth;ChristinaPhommatheth@c54c7696-9026-4097-9e45-47197ceeb9ba  [profileId c57a6ec0-912b-449e-86a3-4218fb455d11];2022-04-03T12:36:36.275937106;50,513600;30,792754;waypoint
c57a6ec0-912b-449e-86a3-4218fb455d11;ChristinaPhommatheth;ChristinaPhommatheth@c54c7696-9026-4097-9e45-47197ceeb9ba  [profileId c57a6ec0-912b-449e-86a3-4218fb455d11];2022-04-03T12:36:44.442826905;50,513830;30,792414;waypoint
c57a6ec0-912b-449e-86a3-4218fb455d11;ChristinaPhommatheth;ChristinaPhommatheth@c54c7696-9026-4097-9e45-47197ceeb9ba  [profileId c57a6ec0-912b-449e-86a3-4218fb455d11];2022-04-03T12:36:59.191769193;50,514253;30,791813;waypoint
c57a6ec0-912b-449e-86a3-4218fb455d11;ChristinaPhommatheth;ChristinaPhommatheth@c54c7696-9026-4097-9e45-47197ceeb9ba  [profileId c57a6ec0-912b-449e-86a3-4218fb455d11];2022-04-03T12:37:07.929878928;50,514485;30,791427;waypoint
c57a6ec0-912b-449e-86a3-4218fb455d11;ChristinaPhommatheth;ChristinaPhommatheth@c54c7696-9026-4097-9e45-47197ceeb9ba  [profileId c57a6ec0-912b-449e-86a3-4218fb455d11];2022-04-03T12:37:25.381039469;50,514925;30,790623;waypoint
c57a6ec0-912b-449e-86a3-4218fb455d11;ChristinaPhommatheth;ChristinaPhommatheth@c54c7696-9026-4097-9e45-47197ceeb9ba  [profileId c57a6ec0-912b-449e-86a3-4218fb455d11];2022-04-03T12:37:42.670086453;50,515420;30,791329;waypoint
c57a6ec0-912b-449e-86a3-4218fb455d11;ChristinaPhommatheth;ChristinaPhommatheth@c54c7696-9026-4097-9e45-47197ceeb9ba  [profileId c57a6ec0-912b-449e-86a3-4218fb455d11];2022-04-03T12:37:59.648232108;50,515892;30,792046;waypoint
c57a6ec0-912b-449e-86a3-4218fb455d11;ChristinaPhommatheth;ChristinaPhommatheth@c54c7696-9026-4097-9e45-47197ceeb9ba  [profileId c57a6ec0-912b-449e-86a3-4218fb455d11];2022-04-03T12:38:03.035468229;50,515988;30,792186;waypoint
c57a6ec0-912b-449e-86a3-4218fb455d11;ChristinaPhommatheth;ChristinaPhommatheth@c54c7696-9026-4097-9e45-47197ceeb9ba  [profileId c57a6ec0-912b-449e-86a3-4218fb455d11];2022-04-03T12:38:15.889186943;50,516344;30,792731;waypoint
c57a6ec0-912b-449e-86a3-4218fb455d11;ChristinaPhommatheth;ChristinaPhommatheth@c54c7696-9026-4097-9e45-47197ceeb9ba  [profileId c57a6ec0-912b-449e-86a3-4218fb455d11];2022-04-03T12:38:27.368495341;50,516663;30,793216;waypoint
c57a6ec0-912b-449e-86a3-4218fb455d11;ChristinaPhommatheth;ChristinaPhommatheth@c54c7696-9026-4097-9e45-47197ceeb9ba  [profileId c57a6ec0-912b-449e-86a3-4218fb455d11];2022-04-03T12:38:48.945559606;50,517263;30,794127;waypoint
c57a6ec0-912b-449e-86a3-4218fb455d11;ChristinaPhommatheth;ChristinaPhommatheth@c54c7696-9026-4097-9e45-47197ceeb9ba  [profileId c57a6ec0-912b-449e-86a3-4218fb455d11];2022-04-03T12:38:59.958603267;50,517568;30,793660;waypoint
c57a6ec0-912b-449e-86a3-4218fb455d11;ChristinaPhommatheth;ChristinaPhommatheth@c54c7696-9026-4097-9e45-47197ceeb9ba  [profileId c57a6ec0-912b-449e-86a3-4218fb455d11];2022-04-03T12:39:04.881371033;50,517701;30,793446;waypoint
c57a6ec0-912b-449e-86a3-4218fb455d11;ChristinaPhommatheth;ChristinaPhommatheth@c54c7696-9026-4097-9e45-47197ceeb9ba  [profileId c57a6ec0-912b-449e-86a3-4218fb455d11];2022-04-03T12:39:23.405474686;50,518201;30,792640;waypoint
c57a6ec0-912b-449e-86a3-4218fb455d11;ChristinaPhommatheth;ChristinaPhommatheth@c54c7696-9026-4097-9e45-47197ceeb9ba  [profileId c57a6ec0-912b-449e-86a3-4218fb455d11];2022-04-03T12:39:43.768528165;50,518750;30,793527;waypoint
c57a6ec0-912b-449e-86a3-4218fb455d11;ChristinaPhommatheth;ChristinaPhommatheth@c54c7696-9026-4097-9e45-47197ceeb9ba  [profileId c57a6ec0-912b-449e-86a3-4218fb455d11];2022-04-03T12:39:55.249197197;50,518432;30,794014;poi(Центр развитку дитини(arts_centre))
c57a6ec0-912b-449e-86a3-4218fb455d11;ChristinaPhommatheth;ChristinaPhommatheth@c54c7696-9026-4097-9e45-47197ceeb9ba  [profileId c57a6ec0-912b-449e-86a3-4218fb455d11];2022-04-03T13:11:25.249197197;50,518432;30,794014;waypoint
c57a6ec0-912b-449e-86a3-4218fb455d11;ChristinaPhommatheth;ChristinaPhommatheth@c54c7696-9026-4097-9e45-47197ceeb9ba  [profileId c57a6ec0-912b-449e-86a3-4218fb455d11];2022-04-03T13:12:01.115368570;50,518750;30,793527;waypoint
c57a6ec0-912b-449e-86a3-4218fb455d11;ChristinaPhommatheth;ChristinaPhommatheth@c54c7696-9026-4097-9e45-47197ceeb9ba  [profileId c57a6ec0-912b-449e-86a3-4218fb455d11];2022-04-03T13:13:04.730543235;50,518201;30,792640;waypoint
c57a6ec0-912b-449e-86a3-4218fb455d11;ChristinaPhommatheth;ChristinaPhommatheth@c54c7696-9026-4097-9e45-47197ceeb9ba  [profileId c57a6ec0-912b-449e-86a3-4218fb455d11];2022-04-03T13:14:02.600748734;50,517701;30,793446;waypoint
c57a6ec0-912b-449e-86a3-4218fb455d11;ChristinaPhommatheth;ChristinaPhommatheth@c54c7696-9026-4097-9e45-47197ceeb9ba  [profileId c57a6ec0-912b-449e-86a3-4218fb455d11];2022-04-03T13:14:17.979715920;50,517568;30,793660;waypoint
c57a6ec0-912b-449e-86a3-4218fb455d11;ChristinaPhommatheth;ChristinaPhommatheth@c54c7696-9026-4097-9e45-47197ceeb9ba  [profileId c57a6ec0-912b-449e-86a3-4218fb455d11];2022-04-03T13:14:52.385002770;50,517263;30,794127;waypoint
c57a6ec0-912b-449e-86a3-4218fb455d11;ChristinaPhommatheth;ChristinaPhommatheth@c54c7696-9026-4097-9e45-47197ceeb9ba  [profileId c57a6ec0-912b-449e-86a3-4218fb455d11];2022-04-03T13:15:59.792806487;50,516663;30,793216;waypoint
c57a6ec0-912b-449e-86a3-4218fb455d11;ChristinaPhommatheth;ChristinaPhommatheth@c54c7696-9026-4097-9e45-47197ceeb9ba  [profileId c57a6ec0-912b-449e-86a3-4218fb455d11];2022-04-03T13:16:35.654727174;50,516344;30,792731;waypoint
c57a6ec0-912b-449e-86a3-4218fb455d11;ChristinaPhommatheth;ChristinaPhommatheth@c54c7696-9026-4097-9e45-47197ceeb9ba  [profileId c57a6ec0-912b-449e-86a3-4218fb455d11];2022-04-03T13:17:15.810372885;50,515988;30,792186;waypoint
c57a6ec0-912b-449e-86a3-4218fb455d11;ChristinaPhommatheth;ChristinaPhommatheth@c54c7696-9026-4097-9e45-47197ceeb9ba  [profileId c57a6ec0-912b-449e-86a3-4218fb455d11];2022-04-03T13:17:26.392264139;50,515892;30,792046;waypoint
c57a6ec0-912b-449e-86a3-4218fb455d11;ChristinaPhommatheth;ChristinaPhommatheth@c54c7696-9026-4097-9e45-47197ceeb9ba  [profileId c57a6ec0-912b-449e-86a3-4218fb455d11];2022-04-03T13:18:19.432821268;50,515420;30,791329;waypoint
c57a6ec0-912b-449e-86a3-4218fb455d11;ChristinaPhommatheth;ChristinaPhommatheth@c54c7696-9026-4097-9e45-47197ceeb9ba  [profileId c57a6ec0-912b-449e-86a3-4218fb455d11];2022-04-03T13:19:13.444649347;50,514925;30,790623;waypoint
c57a6ec0-912b-449e-86a3-4218fb455d11;ChristinaPhommatheth;ChristinaPhommatheth@c54c7696-9026-4097-9e45-47197ceeb9ba  [profileId c57a6ec0-912b-449e-86a3-4218fb455d11];2022-04-03T13:19:16.019677784;50,514905;30,790584;waypoint
c57a6ec0-912b-449e-86a3-4218fb455d11;ChristinaPhommatheth;ChristinaPhommatheth@c54c7696-9026-4097-9e45-47197ceeb9ba  [profileId c57a6ec0-912b-449e-86a3-4218fb455d11];2022-04-03T13:19:42.486689526;50,514669;30,790227;waypoint
c57a6ec0-912b-449e-86a3-4218fb455d11;ChristinaPhommatheth;ChristinaPhommatheth@c54c7696-9026-4097-9e45-47197ceeb9ba  [profileId c57a6ec0-912b-449e-86a3-4218fb455d11];2022-04-03T13:20:08.015661824;50,514443;30,789880;waypoint
c57a6ec0-912b-449e-86a3-4218fb455d11;ChristinaPhommatheth;ChristinaPhommatheth@c54c7696-9026-4097-9e45-47197ceeb9ba  [profileId c57a6ec0-912b-449e-86a3-4218fb455d11];2022-04-03T13:20:15.401261689;50,514378;30,789779;waypoint
c57a6ec0-912b-449e-86a3-4218fb455d11;ChristinaPhommatheth;ChristinaPhommatheth@c54c7696-9026-4097-9e45-47197ceeb9ba  [profileId c57a6ec0-912b-449e-86a3-4218fb455d11];2022-04-03T13:22:04.973557224;50,513421;30,788269;waypoint
c57a6ec0-912b-449e-86a3-4218fb455d11;ChristinaPhommatheth;ChristinaPhommatheth@c54c7696-9026-4097-9e45-47197ceeb9ba  [profileId c57a6ec0-912b-449e-86a3-4218fb455d11];2022-04-03T13:22:11.538641301;50,513364;30,788178;waypoint
c57a6ec0-912b-449e-86a3-4218fb455d11;ChristinaPhommatheth;ChristinaPhommatheth@c54c7696-9026-4097-9e45-47197ceeb9ba  [profileId c57a6ec0-912b-449e-86a3-4218fb455d11];2022-04-03T13:22:38.651077112;50,513132;30,787797;waypoint
c57a6ec0-912b-449e-86a3-4218fb455d11;ChristinaPhommatheth;ChristinaPhommatheth@c54c7696-9026-4097-9e45-47197ceeb9ba  [profileId c57a6ec0-912b-449e-86a3-4218fb455d11];2022-04-03T13:22:44.379432253;50,513084;30,787879;waypoint
c57a6ec0-912b-449e-86a3-4218fb455d11;ChristinaPhommatheth;ChristinaPhommatheth@c54c7696-9026-4097-9e45-47197ceeb9ba  [profileId c57a6ec0-912b-449e-86a3-4218fb455d11];2022-04-03T13:22:50.560661204;50,513034;30,787970;waypoint
c57a6ec0-912b-449e-86a3-4218fb455d11;ChristinaPhommatheth;ChristinaPhommatheth@c54c7696-9026-4097-9e45-47197ceeb9ba  [profileId c57a6ec0-912b-449e-86a3-4218fb455d11];2022-04-03T13:23:03.498527215;50,512929;30,788160;waypoint
c57a6ec0-912b-449e-86a3-4218fb455d11;ChristinaPhommatheth;ChristinaPhommatheth@c54c7696-9026-4097-9e45-47197ceeb9ba  [profileId c57a6ec0-912b-449e-86a3-4218fb455d11];2022-04-03T13:23:18.095597008;50,512811;30,788375;waypoint
c57a6ec0-912b-449e-86a3-4218fb455d11;ChristinaPhommatheth;ChristinaPhommatheth@c54c7696-9026-4097-9e45-47197ceeb9ba  [profileId c57a6ec0-912b-449e-86a3-4218fb455d11];2022-04-03T13:23:29.977066810;50,512664;30,788376;waypoint
c57a6ec0-912b-449e-86a3-4218fb455d11;ChristinaPhommatheth;ChristinaPhommatheth@c54c7696-9026-4097-9e45-47197ceeb9ba  [profileId c57a6ec0-912b-449e-86a3-4218fb455d11];2022-04-03T13:23:37.826672961;50,512571;30,788332;waypoint
c57a6ec0-912b-449e-86a3-4218fb455d11;ChristinaPhommatheth;ChristinaPhommatheth@c54c7696-9026-4097-9e45-47197ceeb9ba  [profileId c57a6ec0-912b-449e-86a3-4218fb455d11];2022-04-03T13:23:40.575598108;50,512540;30,788310;waypoint
c57a6ec0-912b-449e-86a3-4218fb455d11;ChristinaPhommatheth;ChristinaPhommatheth@c54c7696-9026-4097-9e45-47197ceeb9ba  [profileId c57a6ec0-912b-449e-86a3-4218fb455d11];2022-04-03T13:23:50.198522962;50,512441;30,788206;waypoint
c57a6ec0-912b-449e-86a3-4218fb455d11;ChristinaPhommatheth;ChristinaPhommatheth@c54c7696-9026-4097-9e45-47197ceeb9ba  [profileId c57a6ec0-912b-449e-86a3-4218fb455d11];2022-04-03T13:24:41.347051415;50,512028;30,788960;waypoint
c57a6ec0-912b-449e-86a3-4218fb455d11;ChristinaPhommatheth;ChristinaPhommatheth@c54c7696-9026-4097-9e45-47197ceeb9ba  [profileId c57a6ec0-912b-449e-86a3-4218fb455d11];2022-04-03T13:24:55.340498924;50,511904;30,789150;waypoint
c57a6ec0-912b-449e-86a3-4218fb455d11;ChristinaPhommatheth;ChristinaPhommatheth@c54c7696-9026-4097-9e45-47197ceeb9ba  [profileId c57a6ec0-912b-449e-86a3-4218fb455d11];2022-04-03T13:25:18.901512097;50,511703;30,789482;waypoint
c57a6ec0-912b-449e-86a3-4218fb455d11;ChristinaPhommatheth;ChristinaPhommatheth@c54c7696-9026-4097-9e45-47197ceeb9ba  [profileId c57a6ec0-912b-449e-86a3-4218fb455d11];2022-04-03T13:25:26.979470488;50,511631;30,789591;waypoint
c57a6ec0-912b-449e-86a3-4218fb455d11;ChristinaPhommatheth;ChristinaPhommatheth@c54c7696-9026-4097-9e45-47197ceeb9ba  [profileId c57a6ec0-912b-449e-86a3-4218fb455d11];2022-04-03T13:25:33.658837307;50,511579;30,789692;waypoint
c57a6ec0-912b-449e-86a3-4218fb455d11;ChristinaPhommatheth;ChristinaPhommatheth@c54c7696-9026-4097-9e45-47197ceeb9ba  [profileId c57a6ec0-912b-449e-86a3-4218fb455d11];2022-04-03T13:25:35.240472347;50,511566;30,789715;waypoint
c57a6ec0-912b-449e-86a3-4218fb455d11;ChristinaPhommatheth;ChristinaPhommatheth@c54c7696-9026-4097-9e45-47197ceeb9ba  [profileId c57a6ec0-912b-449e-86a3-4218fb455d11];2022-04-03T13:25:56.790837156;50,511396;30,790038;waypoint
c57a6ec0-912b-449e-86a3-4218fb455d11;ChristinaPhommatheth;ChristinaPhommatheth@c54c7696-9026-4097-9e45-47197ceeb9ba  [profileId c57a6ec0-912b-449e-86a3-4218fb455d11];2022-04-03T13:26:19.345915141;50,511117;30,790047;poi(place_of_departure)
